"Symbol  ","Series  ","Date  ","Prev Close  ","Open Price  ","High Price  ","Low Price  ","Last Price  ","Close Price  ","Average Price ","Total Traded Quantity  ","Turnover ₹  ","No. of Trades  ","Deliverable Qty  ","% Dly Qt to Traded Qty  "
"HCLTECH","EQ","24-Sep-2026","1,256.70","1,251.00","1,263.30","1,242.80","1,243.60","1,243.60","1,250.91","8,22,109","1,02,83,87,983.20","34,362","3,50,113","42.59"
"HCLTECH","EQ","23-Sep-2026","1,270.40","1,270.00","1,279.80","1,250.00","1,256.70","1,256.70","1,262.40","27,24,431","3,43,93,35,222.10","65,117","15,89,774","58.35"
"HCLTECH","EQ","22-Sep-2026","1,281.00","1,280.00","1,286.10","1,240.30","1,270.40","1,270.40","1,264.14","26,80,986","3,38,91,38,095.60","81,922","9,14,584","34.11"
"HCLTECH","EQ","21-Sep-2026","1,249.30","1,242.30","1,284.90","1,237.30","1,281.00","1,281.00","1,274.23","27,51,906","3,50,65,66,025.40","70,202","12,31,761","44.76"
"HCLTECH","EQ","18-Sep-2026","1,258.30","1,258.30","1,260.80","1,235.60","1,249.30","1,249.30","1,245.06","28,86,447","3,59,37,99,548.90","68,284","18,04,403","62.51"
"HCLTECH","EQ","17-Sep-2026","1,253.00","1,242.20","1,258.30","1,235.30","1,258.30","1,258.30","1,246.10","13,86,250","1,72,74,00,531.00","48,090","5,97,123","43.07"
"HCLTECH","EQ","16-Sep-2026","1,253.70","1,262.50","1,284.60","1,244.90","1,253.00","1,253.00","1,264.46","30,49,093","3,85,54,62,593.00","81,049","13,04,259","42.78"
"HCLTECH","EQ","15-Sep-2026","1,206.10","1,252.00","1,290.00","1,250.00","1,253.70","1,253.70","1,274.69","44,43,984","5,66,46,89,912.00","1,34,519","13,75,726","30.96"
"HCLTECH","EQ","11-Sep-2026","1,207.00","1,196.00","1,223.40","1,195.70","1,206.10","1,206.10","1,213.93","22,72,845","2,75,90,78,573.60","89,360","9,65,924","49.59"
"HCLTECH","EQ","10-Sep-2026","1,229.80","1,224.80","1,237.00","1,196.90","1,207.00","1,207.00","1,212.41","21,97,859","2,66,47,08,599.90","80,207","9,54,103","43.41"
"HCLTECH","EQ","09-Sep-2026","1,277.00","1,248.80","1,264.80","1,222.70","1,229.80","1,229.80","1,235.52","20,99,173","2,59,35,71,106.00","79,263","8,56,018","40.78"
"HCLTECH","EQ","08-Sep-2026","1,282.80","1,281.40","1,290.00","1,268.20","1,277.00","1,277.00","1,278.90","22,41,262","2,86,63,55,397.30","66,352","12,23,799","54.60"
"HCLTECH","EQ","07-Sep-2026","1,293.40","1,271.70","1,286.80","1,263.00","1,282.80","1,282.80","1,273.02","20,08,363","2,55,66,90,581.40","61,309","9,38,694","46.74"
"HCLTECH","EQ","04-Sep-2026","1,319.00","1,324.90","1,331.40","1,291.20","1,293.40","1,293.40","1,304.89","22,10,569","2,88,45,45,119.50","71,268","13,65,474","61.77"
"HCLTECH","EQ","03-Sep-2026","1,331.50","1,345.00","1,345.00","1,308.00","1,319.00","1,319.00","1,316.34","15,15,496","1,99,49,13,483.60","47,197","8,38,245","55.31"
"HCLTECH","EQ","02-Sep-2026","1,351.40","1,340.10","1,349.30","1,317.40","1,331.50","1,331.50","1,331.02","27,39,386","3,64,61,72,791.00","74,188","14,55,738","53.14"
"HCLTECH","EQ","01-Sep-2026","1,312.20","1,316.10","1,368.00","1,313.10","1,351.40","1,351.40","1,350.54","40,31,856","5,44,51,72,209.60","1,03,062","16,52,798","40.99"
"HCLTECH","EQ","31-Aug-2026","1,316.10","1,316.60","1,322.60","1,297.70","1,312.20","1,312.20","1,313.07","31,25,051","4,10,33,96,286.60","44,870","21,16,968","67.74"
"HCLTECH","EQ","28-Aug-2026","1,282.00","1,290.00","1,334.20","1,290.00","1,316.10","1,316.10","1,318.13","34,59,476","4,56,00,31,668.30","91,276","16,77,544","48.49"
"HCLTECH","EQ","27-Aug-2026","1,298.50","1,295.00","1,304.70","1,280.00","1,282.00","1,282.00","1,286.91","19,36,771","2,49,24,45,917.70","69,854","11,41,437","58.94"
"HCLTECH","EQ","26-Aug-2026","1,315.80","1,319.50","1,323.00","1,296.60","1,298.50","1,298.50","1,304.83","8,34,925","1,08,94,38,791.70","33,956","4,45,018","53.30"
"HCLTECH","EQ","25-Aug-2026","1,322.00","1,322.00","1,322.90","1,294.40","1,315.80","1,315.80","1,305.10","13,14,934","1,71,61,15,057.00","61,695","5,49,413","41.78"
"HCLTECH","EQ","24-Aug-2026","1,302.50","1,302.50","1,325.80","1,301.00","1,322.00","1,322.00","1,318.31","10,91,648","1,43,91,32,498.30","50,508","5,94,901","54.50"
"HCLTECH","EQ","21-Aug-2026","1,318.40","1,319.90","1,321.70","1,302.50","1,302.50","1,302.50","1,309.72","14,84,443","1,94,42,08,577.60","42,456","9,90,001","66.69"
"HCLTECH","EQ","20-Aug-2026","1,324.80","1,339.70","1,345.30","1,318.40","1,318.40","1,318.40","1,326.83","15,10,868","2,00,46,63,327.00","62,256","7,81,864","51.75"
"HCLTECH","EQ","19-Aug-2026","1,298.00","1,309.00","1,324.80","1,301.40","1,324.80","1,324.80","1,316.02","16,93,632","2,22,88,57,485.20","49,448","5,55,317","32.79"
"HCLTECH","EQ","18-Aug-2026","1,325.00","1,318.00","1,320.00","1,292.50","1,298.00","1,298.00","1,300.63","30,56,990","3,97,60,27,860.50","74,688","19,28,909","63.10"
"HCLTECH","EQ","17-Aug-2026","1,360.00","1,355.10","1,362.80","1,325.00","1,325.00","1,325.00","1,334.26","9,70,745","1,29,52,26,436.90","48,218","5,27,315","54.32"
"HCLTECH","EQ","14-Aug-2026","1,370.00","1,372.80","1,374.90","1,346.50","1,360.00","1,360.00","1,360.98","10,33,374","1,40,63,96,327.40","58,510","5,82,574","56.38"
"HCLTECH","EQ","13-Aug-2026","1,365.40","1,362.90","1,372.90","1,354.00","1,370.00","1,370.00","1,364.23","7,78,760","1,06,24,04,865.70","49,556","4,08,120","52.41"
"HCLTECH","EQ","12-Aug-2026","1,365.40","1,370.00","1,370.00","1,340.40","1,365.40","1,365.40","1,357.00","14,18,468","1,92,48,58,705.80","42,784","8,43,846","59.49"
"HCLTECH","EQ","11-Aug-2026","1,357.20","1,360.10","1,379.80","1,358.00","1,365.40","1,365.40","1,367.72","18,28,636","2,50,10,62,172.20","69,672","7,90,311","43.22"
"HCLTECH","EQ","10-Aug-2026","1,356.60","1,356.60","1,367.50","1,351.60","1,357.20","1,357.20","1,358.42","13,21,698","1,79,54,23,568.20","60,911","7,74,534","58.60"
"HCLTECH","EQ","07-Aug-2026","1,335.00","1,329.00","1,369.00","1,328.00","1,356.60","1,356.60","1,353.94","17,25,616","2,33,63,88,494.30","60,471","6,93,516","40.19"
"HCLTECH","EQ","06-Aug-2026","1,350.00","1,349.90","1,363.20","1,332.50","1,335.00","1,335.00","1,339.27","38,21,560","5,11,80,93,030.50","1,13,551","25,68,199","67.20"
"HCLTECH","EQ","05-Aug-2026","1,369.90","1,370.00","1,375.00","1,337.10","1,350.00","1,350.00","1,350.12","32,15,211","4,34,09,16,098.30","82,427","19,33,186","60.13"
"HCLTECH","EQ","04-Aug-2026","1,377.00","1,375.70","1,375.90","1,347.40","1,369.90","1,369.90","1,356.42","30,13,543","4,08,76,34,427.90","1,04,940","17,20,326","57.09"
"HCLTECH","EQ","03-Aug-2026","1,346.90","1,352.00","1,377.00","1,343.50","1,377.00","1,377.00","1,355.65","23,14,332","3,13,74,12,666.60","1,01,947","13,05,116","56.39"
"HCLTECH","EQ","31-Jul-2026","1,352.70","1,317.70","1,356.50","1,294.30","1,345.70","1,346.90","1,340.12","33,69,019","4,51,48,73,926.80","1,22,815","16,21,444","48.13"
"HCLTECH","EQ","30-Jul-2026","1,344.30","1,349.00","1,369.90","1,345.60","1,351.50","1,352.70","1,360.10","37,47,919","5,09,75,27,081.20","1,29,759","21,00,007","56.03"
"HCLTECH","EQ","29-Jul-2026","1,318.60","1,344.00","1,352.70","1,323.20","1,341.00","1,344.30","1,342.80","30,61,520","4,11,09,95,466.50","1,06,970","13,56,386","44.30"
"HCLTECH","EQ","28-Jul-2026","1,295.90","1,301.00","1,342.00","1,301.00","1,320.90","1,318.60","1,325.86","51,87,064","6,87,72,99,151.20","2,08,348","26,00,983","50.14"
"HCLTECH","EQ","27-Jul-2026","1,271.00","1,284.60","1,303.00","1,277.30","1,294.90","1,295.90","1,295.72","38,47,049","4,98,46,99,159.50","1,00,035","19,71,387","51.24"
"HCLTECH","EQ","24-Jul-2026","1,244.70","1,237.00","1,276.00","1,236.60","1,269.00","1,271.00","1,260.48","36,74,904","4,63,21,42,242.50","97,009","13,23,533","36.02"
"HCLTECH","EQ","23-Jul-2026","1,237.30","1,236.00","1,248.80","1,228.80","1,245.00","1,244.70","1,242.21","18,78,476","2,33,34,66,516.80","68,501","8,67,582","46.19"
"HCLTECH","EQ","22-Jul-2026","1,239.50","1,243.80","1,243.80","1,227.70","1,237.00","1,237.30","1,236.65","23,77,718","2,94,03,93,159.20","69,167","15,48,639","65.13"
"HCLTECH","EQ","21-Jul-2026","1,221.30","1,219.00","1,240.70","1,217.20","1,238.90","1,239.50","1,233.07","46,42,320","5,72,43,22,648.70","1,45,874","29,17,381","62.84"
"HCLTECH","EQ","20-Jul-2026","1,203.90","1,205.00","1,224.70","1,200.10","1,220.00","1,221.30","1,216.07","36,12,829","4,39,34,68,231.40","1,04,425","22,67,027","62.75"
"HCLTECH","EQ","17-Jul-2026","1,187.40","1,197.80","1,223.50","1,195.80","1,203.00","1,203.90","1,207.41","50,37,972","6,08,28,88,219.90","1,18,814","26,42,998","52.46"
"HCLTECH","EQ","16-Jul-2026","1,168.00","1,175.40","1,204.00","1,174.70","1,189.70","1,187.40","1,193.95","51,47,444","6,14,57,77,793.20","1,39,528","20,78,604","40.38"
"HCLTECH","EQ","15-Jul-2026","1,166.70","1,157.00","1,181.60","1,144.50","1,166.90","1,168.00","1,168.05","32,53,196","3,79,99,04,436.10","1,12,527","12,03,314","36.99"
"HCLTECH","EQ","14-Jul-2026","1,221.20","1,200.00","1,209.10","1,164.00","1,164.60","1,166.70","1,184.48","97,54,723","11,55,42,60,552.20","2,26,006","34,49,131","35.36"
"HCLTECH","EQ","13-Jul-2026","1,164.10","1,162.00","1,237.00","1,162.00","1,224.00","1,221.20","1,211.30","90,28,077","10,93,57,03,487.40","2,14,773","36,41,941","40.34"
"HCLTECH","EQ","10-Jul-2026","1,150.40","1,173.00","1,191.50","1,153.50","1,167.50","1,164.10","1,167.37","39,79,475","4,64,55,05,153.00","92,538","17,29,804","43.47"
"HCLTECH","EQ","09-Jul-2026","1,145.60","1,144.10","1,161.90","1,121.00","1,151.00","1,150.40","1,146.84","20,33,525","2,33,21,26,378.80","75,969","8,49,617","41.78"
"HCLTECH","EQ","08-Jul-2026","1,168.20","1,165.00","1,176.50","1,141.70","1,143.30","1,145.60","1,157.90","30,91,794","3,57,99,88,258.10","87,874","15,00,965","48.55"
"HCLTECH","EQ","07-Jul-2026","1,134.20","1,135.00","1,175.00","1,134.00","1,170.00","1,168.20","1,163.17","51,79,529","6,02,46,65,226.90","1,23,042","23,64,482","45.65"
"HCLTECH","EQ","06-Jul-2026","1,139.00","1,145.00","1,147.90","1,126.00","1,135.00","1,134.20","1,136.15","27,47,815","3,12,19,21,280.10","83,637","12,13,768","44.17"
"HCLTECH","EQ","03-Jul-2026","1,078.10","1,127.10","1,159.00","1,115.10","1,140.00","1,139.00","1,136.63","1,27,68,463","14,51,30,22,886.80","2,28,508","41,18,030","32.25"
"HCLTECH","EQ","02-Jul-2026","1,034.20","1,049.00","1,082.90","1,048.00","1,081.40","1,078.10","1,074.55","37,26,609","4,00,44,34,493.80","1,09,674","14,88,716","39.95"
"HCLTECH","EQ","01-Jul-2026","1,071.80","1,070.00","1,076.50","1,030.00","1,035.40","1,034.20","1,051.09","38,19,777","4,01,49,17,197.00","1,38,314","18,56,759","48.61"
"HCLTECH","EQ","30-Jun-2026","1,102.40","1,102.50","1,105.70","1,068.60","1,072.00","1,071.80","1,079.17","37,94,233","4,09,46,23,302.00","1,29,291","17,79,035","46.89"
"HCLTECH","EQ","29-Jun-2026","1,100.70","1,095.60","1,108.30","1,086.00","1,103.60","1,102.40","1,097.93","51,86,504","5,69,43,93,480.30","1,48,261","28,35,641","54.67"
"HCLTECH","EQ","25-Jun-2026","1,113.90","1,133.00","1,133.50","1,097.50","1,100.50","1,100.70","1,112.79","58,77,425","6,54,03,37,165.30","1,80,085","27,41,420","46.64"
"HCLTECH","EQ","24-Jun-2026","1,109.50","1,097.60","1,121.50","1,093.20","1,114.00","1,113.90","1,111.16","35,03,015","3,89,23,93,853.50","1,07,061","12,76,070","36.43"
"HCLTECH","EQ","23-Jun-2026","1,130.50","1,121.60","1,125.80","1,105.50","1,108.00","1,109.50","1,112.95","32,35,632","3,60,10,88,271.00","1,08,311","17,23,904","53.28"
"HCLTECH","EQ","22-Jun-2026","1,131.70","1,136.00","1,148.70","1,127.00","1,128.70","1,130.50","1,137.61","23,12,385","2,63,05,84,436.90","92,284","13,15,335","56.88"
"HCLTECH","EQ","19-Jun-2026","1,161.80","1,110.00","1,136.00","1,091.40","1,135.90","1,131.70","1,118.44","1,00,14,063","11,20,01,26,630.80","1,91,632","54,32,220","54.25"
"HCLTECH","EQ","18-Jun-2026","1,166.80","1,152.00","1,168.80","1,136.10","1,159.60","1,161.80","1,158.45","33,68,037","3,90,17,08,815.90","94,065","19,52,206","57.96"
"HCLTECH","EQ","17-Jun-2026","1,159.00","1,169.00","1,173.60","1,159.30","1,165.00","1,166.80","1,165.82","22,63,670","2,63,90,39,473.60","69,724","9,79,118","43.25"
"HCLTECH","EQ","16-Jun-2026","1,119.30","1,141.00","1,161.90","1,137.50","1,160.50","1,159.00","1,150.83","83,43,470","9,60,19,35,139.20","1,78,723","23,90,905","28.66"
"HCLTECH","EQ","15-Jun-2026","1,109.60","1,123.50","1,128.00","1,113.00","1,122.30","1,119.30","1,120.27","23,61,006","2,64,49,59,403.20","64,008","12,87,108","54.52"
"HCLTECH","EQ","12-Jun-2026","1,110.20","1,120.00","1,122.50","1,100.50","1,110.00","1,109.60","1,107.93","22,03,987","2,44,18,63,261.70","68,191","11,80,705","53.57"
"HCLTECH","EQ","11-Jun-2026","1,132.10","1,112.90","1,114.00","1,089.50","1,113.90","1,110.20","1,104.07","34,35,236","3,79,27,35,148.20","1,17,700","15,12,394","44.03"
"HCLTECH","EQ","10-Jun-2026","1,146.30","1,140.80","1,152.00","1,130.00","1,130.90","1,132.10","1,141.62","16,00,595","1,82,72,78,265.90","59,740","9,90,407","61.88"
"HCLTECH","EQ","09-Jun-2026","1,151.30","1,158.70","1,159.00","1,136.40","1,148.30","1,146.30","1,143.49","22,25,582","2,54,49,32,274.50","83,896","13,05,118","58.64"
"HCLTECH","EQ","08-Jun-2026","1,154.70","1,141.90","1,159.00","1,132.30","1,151.80","1,151.30","1,149.64","15,46,444","1,77,78,49,556.60","60,890","6,44,485","41.68"
"HCLTECH","EQ","05-Jun-2026","1,168.30","1,179.00","1,182.50","1,147.00","1,155.10","1,154.70","1,156.81","19,71,395","2,28,05,22,182.00","64,251","8,52,129","43.22"
"HCLTECH","EQ","04-Jun-2026","1,179.00","1,166.40","1,176.50","1,158.20","1,173.60","1,168.30","1,168.81","20,25,595","2,36,75,43,305.50","76,509","9,68,207","47.80"
"HCLTECH","EQ","03-Jun-2026","1,243.50","1,228.80","1,230.00","1,176.80","1,177.50","1,179.00","1,193.69","48,00,922","5,73,08,09,610.90","1,59,882","19,84,393","41.33"
"HCLTECH","EQ","02-Jun-2026","1,195.10","1,210.00","1,257.00","1,202.20","1,244.90","1,243.50","1,236.80","76,63,067","9,47,76,82,591.60","3,30,959","36,38,412","47.48"
"HCLTECH","EQ","01-Jun-2026","1,183.80","1,190.10","1,212.80","1,190.10","1,194.10","1,195.10","1,200.49","59,70,435","7,16,74,47,152.80","1,03,382","20,48,693","34.31"
"HCLTECH","EQ","29-May-2026","1,165.20","1,180.00","1,191.70","1,177.00","1,182.00","1,183.80","1,184.28","1,24,46,602","14,74,02,11,031.40","1,19,951","70,12,885","56.34"
"HCLTECH","EQ","27-May-2026","1,161.90","1,155.30","1,169.80","1,153.70","1,166.90","1,165.20","1,162.91","10,04,168","1,16,77,55,084.90","55,376","4,68,602","46.67"
"HCLTECH","EQ","26-May-2026","1,165.70","1,165.70","1,173.70","1,160.00","1,162.90","1,161.90","1,165.98","11,96,820","1,39,54,69,868.50","51,436","4,97,250","41.55"
"HCLTECH","EQ","25-May-2026","1,164.00","1,168.00","1,178.00","1,162.10","1,167.10","1,165.70","1,168.76","14,19,803","1,65,94,12,913.00","48,459","5,74,327","40.45"
"HCLTECH","EQ","22-May-2026","1,168.20","1,169.90","1,176.00","1,159.90","1,167.00","1,164.00","1,165.48","20,44,782","2,38,31,56,741.20","66,675","11,56,853","56.58"
"HCLTECH","EQ","21-May-2026","1,169.80","1,173.70","1,180.60","1,163.20","1,168.00","1,168.20","1,170.33","22,45,247","2,62,76,71,522.10","73,843","11,35,307","50.56"
"HCLTECH","EQ","20-May-2026","1,179.40","1,166.20","1,181.00","1,162.40","1,172.20","1,169.80","1,172.82","14,15,960","1,66,06,60,137.10","47,007","6,64,665","46.94"
"HCLTECH","EQ","19-May-2026","1,146.60","1,156.00","1,198.30","1,152.30","1,180.00","1,179.40","1,180.95","57,56,760","6,79,84,55,091.50","1,68,240","26,74,454","46.46"
"HCLTECH","EQ","18-May-2026","1,132.60","1,129.00","1,149.50","1,121.40","1,146.50","1,146.60","1,138.54","25,88,569","2,94,71,80,022.00","98,631","11,85,393","45.79"
"HCLTECH","EQ","15-May-2026","1,124.00","1,121.90","1,152.00","1,121.80","1,131.00","1,132.60","1,136.80","37,29,249","4,23,94,13,697.90","70,408","17,60,041","47.20"
"HCLTECH","EQ","14-May-2026","1,143.20","1,139.00","1,143.20","1,103.40","1,123.90","1,124.00","1,119.60","58,37,032","6,53,51,36,410.00","1,50,084","25,36,154","43.45"
"HCLTECH","EQ","13-May-2026","1,145.80","1,146.30","1,154.60","1,137.10","1,145.00","1,143.20","1,145.70","26,35,034","3,01,89,64,420.80","82,384","14,96,507","56.79"
"HCLTECH","EQ","12-May-2026","1,194.90","1,183.00","1,184.00","1,142.60","1,147.00","1,145.80","1,154.12","39,59,561","4,56,97,91,458.00","1,27,002","19,35,224","48.87"
"HCLTECH","EQ","11-May-2026","1,198.40","1,196.90","1,206.30","1,191.10","1,195.00","1,194.90","1,200.25","25,05,962","3,00,77,73,889.20","95,624","13,02,335","51.97"
"HCLTECH","EQ","08-May-2026","1,183.40","1,179.80","1,202.80","1,176.80","1,199.00","1,198.40","1,194.90","28,13,749","3,36,21,35,322.50","79,508","14,51,556","51.59"
"HCLTECH","EQ","07-May-2026","1,189.10","1,195.00","1,196.00","1,181.10","1,182.40","1,183.40","1,185.93","37,25,309","4,41,79,58,582.60","94,392","20,16,234","54.12"
"HCLTECH","EQ","06-May-2026","1,200.20","1,208.00","1,212.00","1,186.40","1,190.90","1,189.10","1,194.87","35,41,520","4,23,16,60,348.10","89,971","19,00,079","53.65"
"HCLTECH","EQ","05-May-2026","1,200.50","1,200.00","1,205.40","1,190.00","1,200.30","1,200.20","1,199.40","24,59,953","2,95,04,67,173.20","1,00,748","12,57,250","51.11"
"HCLTECH","EQ","04-May-2026","1,199.10","1,208.00","1,213.50","1,191.40","1,200.00","1,200.50","1,199.30","33,18,673","3,98,00,81,359.60","1,20,491","16,39,631","49.41"
"HCLTECH","EQ","30-Apr-2026","1,200.20","1,200.00","1,213.70","1,184.00","1,201.40","1,199.10","1,200.95","50,70,033","6,08,88,37,497.70","1,27,757","27,00,518","53.26"
"HCLTECH","EQ","29-Apr-2026","1,196.00","1,200.00","1,210.80","1,192.10","1,198.00","1,200.20","1,202.38","47,77,201","5,74,39,97,313.80","1,28,407","24,72,024","51.75"
"HCLTECH","EQ","28-Apr-2026","1,228.20","1,227.90","1,232.70","1,192.30","1,199.80","1,196.00","1,202.59","66,43,295","7,98,91,44,451.30","1,47,386","39,79,377","59.90"
"HCLTECH","EQ","27-Apr-2026","1,203.20","1,209.00","1,232.00","1,201.00","1,230.20","1,228.20","1,218.15","60,66,942","7,39,04,75,443.70","1,97,227","30,11,825","49.64"
"HCLTECH","EQ","24-Apr-2026","1,277.60","1,264.40","1,264.80","1,198.10","1,202.50","1,203.20","1,217.49","1,09,03,519","13,27,49,09,643.60","3,40,026","49,67,012","45.55"
"HCLTECH","EQ","23-Apr-2026","1,285.30","1,290.00","1,294.30","1,272.00","1,276.20","1,277.60","1,279.21","83,04,759","10,62,35,55,874.30","2,10,855","39,92,294","48.07"
"HCLTECH","EQ","22-Apr-2026","1,441.20","1,345.00","1,358.00","1,281.00","1,286.40","1,285.30","1,304.43","3,30,66,256","43,13,26,18,848.40","6,85,701","1,49,60,919","45.25"
"HCLTECH","EQ","21-Apr-2026","1,428.30","1,430.00","1,455.00","1,422.40","1,439.00","1,441.20","1,440.59","30,91,487","4,45,35,59,346.00","96,067","17,54,233","56.74"
"HCLTECH","EQ","20-Apr-2026","1,442.30","1,445.90","1,451.90","1,424.00","1,424.40","1,428.30","1,434.33","23,52,656","3,37,44,86,762.10","99,253","12,40,988","52.75"
"HCLTECH","EQ","17-Apr-2026","1,450.20","1,443.30","1,458.00","1,430.00","1,443.00","1,442.30","1,438.28","33,19,268","4,77,40,45,020.30","1,04,096","18,52,702","55.82"
"HCLTECH","EQ","16-Apr-2026","1,451.30","1,460.00","1,468.70","1,435.10","1,448.50","1,450.20","1,446.11","52,29,848","7,56,29,35,607.20","1,52,645","29,61,588","56.63"
"HCLTECH","EQ","15-Apr-2026","1,429.40","1,445.00","1,474.90","1,437.10","1,450.30","1,451.30","1,450.85","39,93,858","5,79,44,70,556.20","1,25,253","22,95,626","57.48"
"HCLTECH","EQ","13-Apr-2026","1,451.20","1,441.00","1,447.80","1,417.50","1,428.50","1,429.40","1,427.35","22,52,652","3,21,53,16,491.60","1,06,276","11,68,901","51.89"
"HCLTECH","EQ","10-Apr-2026","1,464.90","1,452.00","1,457.60","1,421.10","1,451.00","1,451.20","1,438.64","34,50,066","4,96,34,15,693.40","2,27,938","19,88,724","57.64"
"HCLTECH","EQ","09-Apr-2026","1,461.00","1,458.90","1,469.00","1,436.00","1,465.80","1,464.90","1,453.12","31,01,205","4,50,64,26,555.80","1,22,283","17,23,538","55.58"
"HCLTECH","EQ","08-Apr-2026","1,441.60","1,449.90","1,466.00","1,431.90","1,453.90","1,461.00","1,450.32","42,39,052","6,14,79,86,493.00","1,76,059","23,07,919","54.44"
"HCLTECH","EQ","07-Apr-2026","1,403.30","1,391.00","1,446.50","1,388.10","1,440.50","1,441.60","1,435.93","34,59,049","4,96,69,67,193.80","1,30,355","15,78,866","45.64"
"HCLTECH","EQ","06-Apr-2026","1,402.20","1,397.00","1,422.30","1,394.10","1,400.00","1,403.30","1,406.71","21,34,581","3,00,27,30,845.60","89,590","8,92,905","41.83"
"HCLTECH","EQ","02-Apr-2026","1,354.40","1,347.00","1,412.80","1,341.20","1,395.00","1,402.20","1,384.54","65,09,389","9,01,24,95,302.30","1,56,129","30,65,773","47.10"
"HCLTECH","EQ","01-Apr-2026","1,341.60","1,399.70","1,399.70","1,349.00","1,356.00","1,354.40","1,367.96","24,69,237","3,37,78,10,450.80","1,05,006","13,92,371","56.39"
"HCLTECH","EQ","30-Mar-2026","1,364.40","1,350.00","1,359.20","1,336.20","1,345.10","1,341.60","1,345.87","55,41,018","7,45,74,95,502.00","1,15,344","33,91,943","61.22"
"HCLTECH","EQ","27-Mar-2026","1,381.30","1,377.00","1,407.40","1,359.80","1,360.10","1,364.40","1,376.50","89,56,139","12,32,81,67,695.80","1,95,122","60,72,450","67.80"
"HCLTECH","EQ","25-Mar-2026","1,373.30","1,348.00","1,411.40","1,348.00","1,385.60","1,381.30","1,383.83","41,67,275","5,76,68,02,478.80","2,15,488","22,52,380","54.05"
"HCLTECH","EQ","24-Mar-2026","1,358.60","1,380.00","1,394.00","1,360.00","1,375.00","1,373.30","1,378.06","35,55,664","4,89,99,27,997.30","1,17,264","17,51,248","49.25"
"HCLTECH","EQ","23-Mar-2026","1,333.70","1,314.80","1,365.00","1,310.00","1,357.10","1,358.60","1,352.36","51,66,409","6,98,68,33,334.70","1,73,461","23,84,879","46.16"
"HCLTECH","EQ","20-Mar-2026","1,311.80","1,334.90","1,352.50","1,328.90","1,339.90","1,333.70","1,337.81","50,50,431","6,75,65,39,286.10","1,44,232","32,15,584","63.67"
"HCLTECH","EQ","19-Mar-2026","1,357.20","1,341.40","1,354.20","1,309.20","1,318.00","1,311.80","1,325.85","16,63,249","2,20,52,17,342.80","98,485","9,46,909","56.93"
"HCLTECH","EQ","18-Mar-2026","1,321.10","1,326.50","1,378.40","1,326.50","1,358.00","1,357.20","1,362.83","25,64,106","3,49,44,41,703.80","1,42,744","13,92,122","54.29"
"HCLTECH","EQ","17-Mar-2026","1,328.60","1,328.60","1,328.60","1,297.70","1,320.80","1,321.10","1,318.68","22,85,672","3,01,40,68,844.40","1,09,302","13,07,984","57.23"
"HCLTECH","EQ","16-Mar-2026","1,325.40","1,312.80","1,337.70","1,302.40","1,328.30","1,328.60","1,322.95","36,18,375","4,78,69,35,170.60","1,25,684","22,63,105","62.54"
"HCLTECH","EQ","13-Mar-2026","1,358.10","1,350.00","1,356.70","1,321.00","1,329.10","1,325.40","1,336.25","21,90,786","2,92,74,29,024.80","97,539","14,07,589","64.25"
"HCLTECH","EQ","12-Mar-2026","1,350.30","1,350.00","1,363.40","1,341.00","1,357.00","1,358.10","1,355.47","26,16,965","3,54,72,25,863.10","1,25,512","16,16,687","61.78"
"HCLTECH","EQ","11-Mar-2026","1,361.50","1,367.20","1,376.00","1,346.90","1,350.60","1,350.30","1,355.40","18,37,000","2,48,98,70,483.00","92,591","11,85,972","64.56"
"HCLTECH","EQ","10-Mar-2026","1,358.60","1,361.00","1,364.40","1,345.00","1,362.50","1,361.50","1,356.02","16,71,877","2,26,71,03,442.20","88,793","9,24,421","55.29"
"HCLTECH","EQ","09-Mar-2026","1,356.70","1,330.00","1,372.70","1,328.00","1,362.40","1,358.60","1,355.54","22,56,550","3,05,88,42,317.90","1,10,627","10,80,613","47.89"
"HCLTECH","EQ","06-Mar-2026","1,354.10","1,356.00","1,380.80","1,354.20","1,358.00","1,356.70","1,364.05","18,71,596","2,55,29,57,099.20","74,907","10,53,576","56.29"
"HCLTECH","EQ","05-Mar-2026","1,364.00","1,378.20","1,378.20","1,332.50","1,355.70","1,354.10","1,346.61","22,17,963","2,98,67,38,309.20","1,31,063","10,78,525","48.63"
"HCLTECH","EQ","04-Mar-2026","1,371.00","1,356.00","1,382.00","1,356.00","1,364.00","1,364.00","1,367.86","31,61,598","4,32,46,10,721.30","1,51,012","18,80,428","59.48"
"HCLTECH","EQ","02-Mar-2026","1,389.10","1,351.00","1,386.00","1,350.00","1,370.80","1,371.00","1,369.50","20,88,938","2,86,08,02,041.60","1,08,564","8,89,845","42.60"
"HCLTECH","EQ","27-Feb-2026","1,373.50","1,398.00","1,404.80","1,382.00","1,382.00","1,389.10","1,390.09","86,51,443","12,02,63,16,595.10","1,62,388","64,47,547","74.53"
"HCLTECH","EQ","26-Feb-2026","1,378.20","1,391.00","1,405.00","1,368.00","1,373.00","1,373.50","1,383.22","23,29,520","3,22,22,34,403.10","1,25,163","10,15,695","43.60"
"HCLTECH","EQ","25-Feb-2026","1,339.20","1,355.00","1,391.40","1,354.00","1,375.90","1,378.20","1,379.33","57,03,505","7,86,69,89,822.40","1,19,569","34,11,861","59.82"
"HCLTECH","EQ","24-Feb-2026","1,426.20","1,402.30","1,406.70","1,322.50","1,343.00","1,339.20","1,346.66","1,00,04,684","13,47,29,34,540.50","2,62,757","55,83,981","55.81"
"HCLTECH","EQ","23-Feb-2026","1,436.50","1,438.20","1,441.60","1,415.50","1,425.00","1,426.20","1,427.48","26,29,763","3,75,39,43,985.10","75,977","15,79,000","60.04"
"HCLTECH","EQ","20-Feb-2026","1,450.40","1,443.00","1,455.00","1,431.00","1,438.80","1,436.50","1,441.10","23,92,491","3,44,78,29,192.30","66,868","14,26,951","59.64"
"HCLTECH","EQ","19-Feb-2026","1,467.20","1,470.00","1,501.80","1,443.00","1,452.30","1,450.40","1,473.32","23,97,127","3,53,17,42,519.90","85,422","10,64,022","44.39"
"HCLTECH","EQ","18-Feb-2026","1,482.60","1,483.20","1,483.20","1,443.40","1,464.90","1,467.20","1,462.49","20,36,245","2,97,79,89,599.60","68,672","11,01,059","54.07"
"HCLTECH","EQ","17-Feb-2026","1,461.80","1,464.00","1,510.70","1,458.00","1,483.70","1,482.60","1,490.04","28,40,341","4,23,22,26,281.30","87,279","12,81,453","45.12"
"HCLTECH","EQ","16-Feb-2026","1,455.20","1,451.10","1,467.00","1,446.80","1,465.60","1,461.80","1,456.22","23,88,700","3,47,84,78,232.40","1,00,918","13,84,394","57.96"
"HCLTECH","EQ","13-Feb-2026","1,476.10","1,423.00","1,476.80","1,396.00","1,458.00","1,455.20","1,439.36","72,14,938","10,38,48,73,283.30","2,58,495","36,34,405","50.37"
"HCLTECH","EQ","12-Feb-2026","1,551.60","1,529.00","1,535.00","1,469.50","1,470.90","1,476.10","1,492.68","53,97,659","8,05,70,03,574.60","2,82,325","30,98,753","57.41"
"HCLTECH","EQ","11-Feb-2026","1,573.10","1,574.00","1,578.10","1,546.10","1,549.00","1,551.60","1,556.12","29,44,646","4,58,22,31,790.70","1,46,047","18,85,739","64.04"
"HCLTECH","EQ","10-Feb-2026","1,602.00","1,595.00","1,602.40","1,567.80","1,569.50","1,573.10","1,586.43","32,34,785","5,13,17,70,634.10","1,01,563","21,05,729","65.10"
"HCLTECH","EQ","09-Feb-2026","1,593.70","1,600.40","1,619.90","1,594.40","1,595.10","1,602.00","1,601.57","18,63,558","2,98,46,21,931.30","63,524","13,05,446","70.05"
"HCLTECH","EQ","06-Feb-2026","1,610.00","1,612.00","1,612.00","1,574.10","1,592.60","1,593.70","1,592.41","33,42,992","5,32,34,08,036.60","1,45,738","21,25,052","63.57"
"HCLTECH","EQ","05-Feb-2026","1,621.80","1,613.70","1,631.80","1,600.20","1,607.40","1,610.00","1,612.10","31,84,531","5,13,37,97,457.80","1,52,717","18,90,115","59.35"
"HCLTECH","EQ","04-Feb-2026","1,695.30","1,642.00","1,645.00","1,586.00","1,617.60","1,621.80","1,609.09","58,34,470","9,38,81,78,234.00","2,27,405","34,67,098","59.42"
"HCLTECH","EQ","03-Feb-2026","1,676.80","1,780.00","1,780.10","1,689.10","1,692.20","1,695.30","1,712.72","32,00,948","5,48,23,20,734.50","1,10,557","18,95,809","59.23"
"HCLTECH","EQ","02-Feb-2026","1,666.20","1,670.00","1,688.50","1,653.60","1,675.00","1,676.80","1,674.91","19,16,380","3,20,97,55,549.50","85,140","11,23,190","58.61"
"HCLTECH","EQ","01-Feb-2026","1,695.60","1,692.40","1,710.10","1,613.10","1,674.30","1,666.20","1,673.91","18,46,014","3,09,00,66,323.00","88,087","6,03,182","32.67"
"HCLTECH","EQ","30-Jan-2026","1,721.60","1,713.20","1,713.20","1,683.00","1,691.40","1,695.60","1,696.74","44,48,681","7,54,82,72,966.60","1,29,782","31,19,486","70.12"
"HCLTECH","EQ","29-Jan-2026","1,729.60","1,722.80","1,725.00","1,696.10","1,719.90","1,721.60","1,712.49","22,35,602","3,82,84,46,965.80","78,660","13,73,855","61.45"
"HCLTECH","EQ","28-Jan-2026","1,720.20","1,705.10","1,734.40","1,691.00","1,722.80","1,729.60","1,719.01","27,13,867","4,66,51,55,949.30","79,816","17,64,996","65.04"
"HCLTECH","EQ","27-Jan-2026","1,707.00","1,720.00","1,725.50","1,700.50","1,720.20","1,720.20","1,714.93","26,71,530","4,58,14,97,733.60","1,03,569","15,34,352","57.43"
"HCLTECH","EQ","23-Jan-2026","1,703.10","1,712.70","1,721.00","1,698.80","1,706.60","1,707.00","1,710.03","18,74,357","3,20,51,98,154.20","54,617","11,93,066","63.65"
"HCLTECH","EQ","22-Jan-2026","1,682.50","1,690.60","1,709.00","1,681.50","1,700.00","1,703.10","1,696.66","18,53,439","3,14,46,47,811.40","85,689","10,89,098","58.76"
"HCLTECH","EQ","21-Jan-2026","1,687.30","1,687.60","1,694.90","1,668.90","1,680.90","1,682.50","1,678.69","17,28,435","2,90,15,02,854.30","92,357","9,61,399","55.62"
"HCLTECH","EQ","20-Jan-2026","1,716.80","1,720.00","1,720.00","1,681.80","1,685.00","1,687.30","1,692.73","17,39,341","2,94,42,30,507.20","80,668","10,00,569","57.53"
"HCLTECH","EQ","19-Jan-2026","1,698.00","1,698.00","1,719.00","1,685.10","1,714.20","1,716.80","1,706.84","20,87,629","3,56,32,52,131.10","78,456","12,94,148","61.99"
"HCLTECH","EQ","16-Jan-2026","1,668.50","1,670.00","1,700.90","1,664.80","1,696.50","1,698.00","1,690.44","30,98,089","5,23,71,20,915.20","1,13,028","16,79,933","54.22"
"HCLTECH","EQ","14-Jan-2026","1,665.00","1,665.00","1,677.90","1,649.20","1,669.90","1,668.50","1,667.72","24,70,615","4,12,02,85,043.90","85,398","16,60,046","67.19"
"HCLTECH","EQ","13-Jan-2026","1,667.60","1,685.00","1,697.60","1,626.00","1,664.00","1,665.00","1,657.40","71,49,266","11,84,91,85,678.50","1,63,224","31,08,155","43.48"
"HCLTECH","EQ","12-Jan-2026","1,661.40","1,659.20","1,677.20","1,641.50","1,667.00","1,667.60","1,657.06","41,75,707","6,91,94,07,713.10","92,791","24,91,602","59.67"
"HCLTECH","EQ","09-Jan-2026","1,646.70","1,647.10","1,675.00","1,647.10","1,662.10","1,661.40","1,664.49","32,81,306","5,46,17,02,648.90","1,22,218","19,16,808","58.42"
"HCLTECH","EQ","08-Jan-2026","1,647.70","1,653.30","1,660.60","1,635.40","1,643.00","1,646.70","1,649.47","32,66,398","5,38,78,28,055.50","1,37,914","19,30,804","59.11"
"HCLTECH","EQ","07-Jan-2026","1,616.30","1,620.80","1,654.50","1,616.70","1,654.50","1,647.70","1,638.36","38,16,569","6,25,29,15,761.90","1,19,727","24,54,143","64.30"
"HCLTECH","EQ","06-Jan-2026","1,607.60","1,600.30","1,626.00","1,597.30","1,615.40","1,616.30","1,616.64","21,12,043","3,41,44,22,351.70","74,528","13,67,734","64.76"
"HCLTECH","EQ","05-Jan-2026","1,640.20","1,625.00","1,633.50","1,580.10","1,605.00","1,607.60","1,602.85","32,45,802","5,20,25,35,373.30","1,11,403","17,58,734","54.18"
"HCLTECH","EQ","02-Jan-2026","1,634.50","1,632.00","1,643.00","1,625.10","1,640.00","1,640.20","1,636.46","9,50,573","1,55,55,76,603.50","51,428","4,50,570","47.40"
"HCLTECH","EQ","01-Jan-2026","1,623.30","1,622.90","1,645.70","1,618.40","1,632.00","1,634.50","1,636.32","7,73,806","1,26,61,96,099.80","37,755","3,86,921","50.00"
"HCLTECH","EQ","31-Dec-2025","1,615.20","1,624.50","1,631.70","1,616.80","1,620.10","1,623.30","1,624.23","13,59,963","2,20,88,91,261.30","44,369","8,31,762","61.16"
"HCLTECH","EQ","30-Dec-2025","1,630.80","1,630.80","1,635.70","1,611.10","1,621.50","1,615.20","1,619.83","33,23,273","5,38,31,30,430.80","1,12,154","22,79,686","68.60"
"HCLTECH","EQ","29-Dec-2025","1,660.90","1,659.70","1,660.80","1,625.40","1,630.60","1,630.80","1,642.60","15,16,288","2,49,06,51,496.00","68,600","8,61,939","56.85"
"HCLTECH","EQ","26-Dec-2025","1,674.70","1,668.00","1,676.40","1,650.50","1,661.20","1,660.90","1,660.76","9,21,138","1,52,97,84,855.20","53,805","5,53,166","60.05"
"HCLTECH","EQ","24-Dec-2025","1,679.90","1,676.00","1,680.00","1,665.10","1,675.50","1,674.70","1,674.72","9,89,858","1,65,77,31,133.30","48,783","5,94,881","60.10"
"HCLTECH","EQ","23-Dec-2025","1,670.30","1,675.10","1,686.90","1,656.20","1,674.80","1,679.90","1,674.59","16,14,314","2,70,33,08,179.20","60,466","9,48,080","58.73"
"HCLTECH","EQ","22-Dec-2025","1,642.40","1,651.90","1,673.50","1,644.00","1,665.00","1,670.30","1,665.51","13,39,691","2,23,12,64,930.00","62,953","7,52,237","56.15"
"HCLTECH","EQ","19-Dec-2025","1,661.40","1,675.00","1,681.00","1,632.50","1,641.80","1,642.40","1,644.84","34,87,150","5,73,57,98,131.40","1,05,652","21,18,195","60.74"
"HCLTECH","EQ","18-Dec-2025","1,655.00","1,657.00","1,673.90","1,651.20","1,663.00","1,661.40","1,660.82","18,22,056","3,02,60,99,482.70","94,524","10,62,386","58.31"
"HCLTECH","EQ","17-Dec-2025","1,651.70","1,651.00","1,664.50","1,646.30","1,655.10","1,655.00","1,654.82","13,94,918","2,30,83,38,881.10","60,273","9,11,322","65.33"
"HCLTECH","EQ","16-Dec-2025","1,684.00","1,681.00","1,682.00","1,645.40","1,651.80","1,651.70","1,653.45","19,29,309","3,19,00,10,112.70","80,374","12,34,129","63.97"
"HCLTECH","EQ","15-Dec-2025","1,673.20","1,673.20","1,688.00","1,660.00","1,686.40","1,684.00","1,681.83","16,89,723","2,84,18,19,619.10","67,813","11,42,528","67.62"
"HCLTECH","EQ","12-Dec-2025","1,672.40","1,677.40","1,677.90","1,660.00","1,670.00","1,673.20","1,669.69","12,84,337","2,14,44,44,642.20","44,240","8,43,637","65.69"
"HCLTECH","EQ","11-Dec-2025","1,666.00","1,667.50","1,677.40","1,649.00","1,672.40","1,672.40","1,666.62","14,08,684","2,34,77,43,572.80","57,108","7,81,957","55.51"
"HCLTECH","EQ","10-Dec-2025","1,657.60","1,663.30","1,671.00","1,657.00","1,665.90","1,666.00","1,664.38","14,82,249","2,46,70,27,638.10","62,506","9,38,334","63.30"
"HCLTECH","EQ","09-Dec-2025","1,688.60","1,687.00","1,687.00","1,656.40","1,657.90","1,657.60","1,666.53","28,17,704","4,69,57,82,243.50","81,151","17,93,290","63.64"
"HCLTECH","EQ","08-Dec-2025","1,683.00","1,683.00","1,695.40","1,676.90","1,685.00","1,688.60","1,688.85","27,02,407","4,56,39,66,285.60","99,082","17,21,389","63.70"
"HCLTECH","EQ","05-Dec-2025","1,654.60","1,662.70","1,691.00","1,651.00","1,681.00","1,683.00","1,679.98","33,91,204","5,69,71,68,485.40","69,175","21,36,069","62.99"
"HCLTECH","EQ","04-Dec-2025","1,640.50","1,650.00","1,672.00","1,645.10","1,655.50","1,654.60","1,658.55","39,35,708","6,52,75,74,096.40","1,36,665","22,20,796","56.43"
"HCLTECH","EQ","03-Dec-2025","1,635.50","1,635.50","1,654.60","1,628.80","1,639.20","1,640.50","1,638.68","23,71,611","3,88,63,15,623.60","74,755","14,74,264","62.16"
"HCLTECH","EQ","02-Dec-2025","1,642.90","1,651.00","1,652.90","1,624.00","1,634.60","1,635.50","1,635.10","23,26,220","3,80,36,11,581.70","77,081","15,41,240","66.26"
"HCLTECH","EQ","01-Dec-2025","1,624.20","1,630.00","1,646.50","1,628.00","1,642.50","1,642.90","1,639.51","20,34,350","3,33,53,41,377.10","80,611","14,18,189","69.71"
"HCLTECH","EQ","28-Nov-2025","1,629.00","1,629.00","1,636.90","1,619.00","1,623.80","1,624.20","1,627.54","18,41,289","2,99,67,71,288.10","51,177","11,61,817","63.10"
"HCLTECH","EQ","27-Nov-2025","1,617.90","1,619.10","1,633.20","1,614.00","1,630.20","1,629.00","1,625.43","21,06,176","3,42,34,37,408.10","61,398","14,01,129","66.52"
"HCLTECH","EQ","26-Nov-2025","1,601.10","1,601.10","1,627.50","1,601.10","1,620.00","1,617.90","1,618.84","12,43,303","2,01,27,14,636.50","71,530","7,00,079","56.31"
"HCLTECH","EQ","25-Nov-2025","1,610.40","1,618.30","1,618.90","1,592.60","1,598.90","1,601.10","1,601.61","22,85,950","3,66,12,09,695.50","99,411","16,08,036","70.34"
"HCLTECH","EQ","24-Nov-2025","1,608.00","1,614.30","1,640.00","1,602.90","1,612.00","1,610.40","1,617.14","63,92,688","10,33,78,78,943.40","1,19,732","47,05,091","73.60"
"HCLTECH","EQ","21-Nov-2025","1,645.40","1,636.00","1,643.50","1,606.00","1,608.80","1,608.00","1,622.45","29,58,835","4,80,05,51,729.20","81,557","20,22,536","68.36"
"HCLTECH","EQ","20-Nov-2025","1,662.60","1,662.60","1,668.40","1,642.60","1,644.40","1,645.40","1,652.84","27,24,035","4,50,24,00,178.90","97,466","17,10,690","62.80"
"HCLTECH","EQ","19-Nov-2025","1,595.20","1,595.30","1,669.50","1,588.60","1,662.00","1,662.60","1,650.37","63,42,672","10,46,77,60,788.20","1,59,231","34,19,711","53.92"
"HCLTECH","EQ","18-Nov-2025","1,606.40","1,604.00","1,604.00","1,590.10","1,592.50","1,595.20","1,595.15","16,40,123","2,61,62,43,523.70","52,117","11,09,368","67.64"
"HCLTECH","EQ","17-Nov-2025","1,594.60","1,594.00","1,607.70","1,585.50","1,605.50","1,606.40","1,599.95","20,00,978","3,20,14,65,766.60","65,072","14,27,021","71.32"
"HCLTECH","EQ","14-Nov-2025","1,598.50","1,590.00","1,598.00","1,574.10","1,596.90","1,594.60","1,588.33","25,43,918","4,04,05,86,657.30","1,05,226","18,09,622","71.14"
"HCLTECH","EQ","13-Nov-2025","1,594.00","1,599.40","1,605.00","1,580.00","1,597.30","1,598.50","1,596.49","19,44,022","3,10,36,16,363.10","76,589","12,49,265","64.26"
"HCLTECH","EQ","12-Nov-2025","1,570.00","1,575.00","1,600.00","1,573.50","1,593.00","1,594.00","1,591.30","23,31,564","3,71,02,13,658.80","1,13,539","14,77,434","63.37"
"HCLTECH","EQ","11-Nov-2025","1,540.50","1,547.80","1,572.50","1,541.20","1,571.50","1,570.00","1,558.43","22,70,763","3,53,88,16,232.90","74,960","13,63,854","60.06"
"HCLTECH","EQ","10-Nov-2025","1,512.40","1,518.00","1,544.90","1,511.40","1,540.00","1,540.50","1,538.01","15,58,896","2,39,76,03,291.60","79,181","8,23,136","52.80"
"HCLTECH","EQ","07-Nov-2025","1,526.40","1,515.10","1,518.80","1,490.50","1,511.00","1,512.40","1,508.39","22,38,714","3,37,68,49,701.40","69,134","14,30,918","63.92"
"HCLTECH","EQ","06-Nov-2025","1,529.10","1,529.10","1,531.90","1,514.30","1,527.00","1,526.40","1,525.70","24,74,769","3,77,57,46,001.70","83,301","15,82,516","63.95"
"HCLTECH","EQ","04-Nov-2025","1,543.50","1,536.40","1,541.90","1,525.00","1,525.00","1,529.10","1,530.36","16,66,863","2,55,08,92,564.30","56,491","10,27,164","61.62"
"HCLTECH","EQ","03-Nov-2025","1,541.50","1,540.10","1,549.70","1,528.20","1,544.00","1,543.50","1,540.77","22,52,136","3,47,00,15,025.40","54,640","13,88,810","61.67"
"HCLTECH","EQ","31-Oct-2025","1,549.80","1,549.80","1,558.20","1,537.60","1,540.00","1,541.50","1,545.71","17,23,467","2,66,39,84,409.20","58,952","11,07,505","64.26"
"HCLTECH","EQ","30-Oct-2025","1,557.30","1,557.70","1,559.90","1,538.10","1,549.90","1,549.80","1,547.65","21,83,395","3,37,91,23,069.40","70,828","13,61,115","62.34"
"HCLTECH","EQ","29-Oct-2025","1,522.10","1,530.00","1,559.00","1,522.00","1,556.50","1,557.30","1,549.69","25,96,355","4,02,35,35,238.60","71,502","17,73,422","68.30"
"HCLTECH","EQ","28-Oct-2025","1,533.50","1,535.00","1,542.00","1,512.00","1,522.00","1,522.10","1,522.39","19,36,466","2,94,80,58,041.50","76,051","11,19,172","57.79"
"HCLTECH","EQ","27-Oct-2025","1,523.80","1,531.40","1,549.50","1,526.80","1,534.50","1,533.50","1,539.22","13,94,846","2,14,69,71,249.60","84,284","8,32,393","59.68"
"HCLTECH","EQ","24-Oct-2025","1,523.90","1,525.00","1,532.60","1,516.40","1,524.90","1,523.80","1,523.82","14,91,451","2,27,27,01,215.80","54,165","9,45,961","63.43"
"HCLTECH","EQ","23-Oct-2025","1,486.00","1,510.00","1,547.50","1,505.50","1,524.90","1,523.90","1,531.37","50,11,470","7,67,44,06,767.70","1,49,624","25,33,689","50.56"
"HCLTECH","EQ","21-Oct-2025","1,495.40","1,502.70","1,503.00","1,481.00","1,486.50","1,486.00","1,490.39","2,74,400","40,89,63,318.20","10,319","1,86,574","68.00"
"HCLTECH","EQ","20-Oct-2025","1,486.20","1,489.90","1,509.90","1,489.10","1,496.00","1,495.40","1,498.57","23,54,881","3,52,89,62,542.70","66,924","14,70,897","62.46"
"HCLTECH","EQ","17-Oct-2025","1,515.00","1,499.00","1,501.30","1,479.20","1,484.90","1,486.20","1,492.04","32,10,161","4,78,96,78,562.60","1,04,856","21,52,928","67.07"
"HCLTECH","EQ","16-Oct-2025","1,495.70","1,499.90","1,519.90","1,498.00","1,514.30","1,515.00","1,512.81","20,21,043","3,05,74,56,460.90","82,924","12,64,159","62.55"
"HCLTECH","EQ","15-Oct-2025","1,495.40","1,497.90","1,509.40","1,486.10","1,496.10","1,495.70","1,497.08","17,10,696","2,56,10,46,198.60","86,922","8,99,024","52.55"
"HCLTECH","EQ","14-Oct-2025","1,494.70","1,515.40","1,535.00","1,490.20","1,492.00","1,495.40","1,509.47","58,02,489","8,75,87,11,572.10","1,53,143","20,40,294","35.16"
"HCLTECH","EQ","13-Oct-2025","1,495.50","1,490.00","1,502.20","1,476.50","1,494.10","1,494.70","1,489.55","18,20,492","2,71,17,17,243.10","63,174","8,94,373","49.13"
"HCLTECH","EQ","10-Oct-2025","1,486.50","1,491.00","1,498.50","1,473.90","1,492.80","1,495.50","1,490.52","21,29,445","3,17,39,72,712.60","93,770","9,60,347","45.10"
"HCLTECH","EQ","09-Oct-2025","1,453.20","1,453.20","1,491.10","1,452.50","1,484.50","1,486.50","1,481.66","26,81,316","3,97,28,05,972.50","93,076","12,07,654","45.04"
"HCLTECH","EQ","08-Oct-2025","1,433.40","1,433.20","1,458.70","1,427.20","1,452.50","1,453.20","1,449.94","17,35,807","2,51,68,18,477.20","75,825","8,18,047","47.13"
"HCLTECH","BL","08-Oct-2025","1,439.00","1,451.00","1,451.00","1,451.00","1,451.00","1,451.00","1,451.00","2,00,817","29,13,85,467.00","1","-","-"
"HCLTECH","EQ","07-Oct-2025","1,417.70","1,422.00","1,441.90","1,417.20","1,435.50","1,433.40","1,432.33","15,92,836","2,28,14,59,591.80","62,701","8,25,264","51.81"
"HCLTECH","BL","07-Oct-2025","1,403.00","1,439.00","1,439.00","1,439.00","1,439.00","1,439.00","1,439.00","2,00,818","28,89,77,102.00","1","-","-"
"HCLTECH","EQ","06-Oct-2025","1,393.50","1,393.50","1,421.00","1,390.80","1,416.90","1,417.70","1,414.89","19,70,901","2,78,86,11,506.40","80,533","12,75,851","64.73"
"HCLTECH","EQ","03-Oct-2025","1,389.50","1,396.50","1,399.80","1,380.40","1,392.80","1,393.50","1,389.62","27,93,839","3,88,23,64,004.70","83,212","18,47,305","66.12"
"HCLTECH","EQ","01-Oct-2025","1,385.10","1,386.10","1,396.80","1,382.00","1,391.00","1,389.50","1,387.87","22,53,527","3,12,76,07,459.90","84,091","14,38,695","63.84"
"HCLTECH","EQ","30-Sep-2025","1,387.40","1,392.10","1,405.00","1,381.90","1,385.90","1,385.10","1,391.55","27,82,077","3,87,13,98,044.60","1,02,039","19,61,127","70.49"
"HCLTECH","EQ","29-Sep-2025","1,395.30","1,397.10","1,402.60","1,383.00","1,388.00","1,387.40","1,389.77","29,90,852","4,15,65,95,729.70","1,04,613","21,95,904","73.42"
"HCLTECH","EQ","26-Sep-2025","1,423.80","1,420.00","1,426.50","1,392.00","1,395.10","1,395.30","1,399.93","25,68,054","3,59,50,94,521.80","1,03,184","18,76,593","73.07"
"HCLTECH","EQ","25-Sep-2025","1,442.30","1,440.20","1,442.50","1,416.00","1,427.40","1,423.80","1,424.63","27,13,246","3,86,53,79,487.80","1,03,007","18,30,448","67.46"
"HCLTECH","EQ","24-Sep-2025","1,429.80","1,425.10","1,444.70","1,420.00","1,440.20","1,442.30","1,437.54","28,94,044","4,16,03,04,912.30","1,17,797","19,53,465","67.50"