"Date ","No. of securities traded ","No. of trades ","Traded Value ( Rs. Crore) "
"25-Sep-2026",654,9774,11106.93
"24-Sep-2026",742,10205,16311.59
"23-Sep-2026",626,12019,10068
"22-Sep-2026",731,9740,13070.34
"21-Sep-2026",646,22648,13383.09
"18-Sep-2026",630,9940,16813.22
"17-Sep-2026",657,12446,13332.43
"16-Sep-2026",609,14829,9809.95
"15-Sep-2026",711,30593,6741.33
"11-Sep-2026",586,12973,9268.06
"10-Sep-2026",669,9724,16141.14
"09-Sep-2026",593,10980,13337.2
"08-Sep-2026",704,9873,14691.41
"07-Sep-2026",647,27649,17636.22
"04-Sep-2026",585,12775,17793.56
"03-Sep-2026",699,14240,16030.82
"02-Sep-2026",642,20105,20610.92
"01-Sep-2026",681,21546,13470.89
"31-Aug-2026",591,24168,11013.47
"28-Aug-2026",597,10579,8523.46
"27-Aug-2026",652,17378,15391.14
"25-Aug-2026",631,9792,8422.05
"24-Aug-2026",581,20837,8963.67
"21-Aug-2026",533,9606,8121.42
"20-Aug-2026",619,10410,14657.23
"19-Aug-2026",568,11029,11329.88
"18-Aug-2026",641,10712,12067.97
"17-Aug-2026",577,24531,10475.18
"14-Aug-2026",554,12778,7789.09
"13-Aug-2026",636,8806,9762.21
"12-Aug-2026",572,9419,12220.11
"11-Aug-2026",640,11197,10243.91
"10-Aug-2026",558,22979,9336.96
"07-Aug-2026",524,11304,7916.65
"06-Aug-2026",600,10993,12389.43
"05-Aug-2026",563,12798,12640.89
"04-Aug-2026",673,12367,13383.63
"03-Aug-2026",570,40205,12473.92
"31-Jul-2026",513,9058,7993.78
"30-Jul-2026",565,8451,10311.39
"29-Jul-2026",562,8473,5527.51
"28-Jul-2026",603,8388,7393.2
"27-Jul-2026",574,18410,7282.91
"24-Jul-2026",532,7925,6865.38
"23-Jul-2026",571,7985,8061.18
"22-Jul-2026",554,8083,8813.03
"21-Jul-2026",631,7694,9661.48
"20-Jul-2026",574,20499,7209.11
"17-Jul-2026",536,11072,7079.65
"16-Jul-2026",611,10800,8151.61
"15-Jul-2026",553,10464,8112.42
"14-Jul-2026",613,7883,8892.32
"13-Jul-2026",592,20646,8851.07
"10-Jul-2026",540,8998,8352.2
"09-Jul-2026",583,8932,9225.23
"08-Jul-2026",552,8779,12673.05
"07-Jul-2026",617,11010,9784.62
"06-Jul-2026",544,23822,11388.19
"03-Jul-2026",537,12577,13672.56
"02-Jul-2026",601,16140,15572.95
"01-Jul-2026",566,20253,15889.34
"30-Jun-2026",604,10808,16867.71
"29-Jun-2026",611,24587,11186.51
"25-Jun-2026",580,8412,10875.4
"24-Jun-2026",570,7890,11929.07
"23-Jun-2026",609,8585,10659.23
"22-Jun-2026",555,17184,10710.92
"19-Jun-2026",586,7440,21760.03
"18-Jun-2026",654,8332,22963.57
"17-Jun-2026",563,9299,10438.36
"16-Jun-2026",649,11372,16360.19
"15-Jun-2026",562,19419,14475.82
"12-Jun-2026",581,8314,23152.84
"11-Jun-2026",621,8892,20936.51
"10-Jun-2026",591,10474,18448.12
"09-Jun-2026",632,9579,21851.15
"08-Jun-2026",599,18627,23499.89
"05-Jun-2026",562,9644,15393.83
"04-Jun-2026",655,9516,16016.44
"03-Jun-2026",577,11441,12724.5
"02-Jun-2026",678,16962,15195.93
"01-Jun-2026",534,28707,9067.23
"29-May-2026",552,14048,9024.43
"27-May-2026",529,8187,12805.46
"26-May-2026",594,8095,11560.48
"25-May-2026",531,16059,7131.47
"22-May-2026",511,7405,9546.68
"21-May-2026",557,7090,11145.83
"20-May-2026",507,7600,9344.17
"19-May-2026",572,8193,8791.09
"18-May-2026",529,18276,9300.86
"15-May-2026",469,9728,9389.89
"14-May-2026",548,6777,9887.63
"13-May-2026",483,8259,7990.18
"12-May-2026",564,7526,9247.89
"11-May-2026",508,16981,8524.5
"08-May-2026",489,7434,5908.66
"07-May-2026",534,7202,18713.14
"06-May-2026",513,9232,14507.97
"05-May-2026",587,12595,10720.32
"04-May-2026",524,34783,6852.76
"30-Apr-2026",506,7081,6286.32
"29-Apr-2026",488,6530,8335.06
"28-Apr-2026",566,8123,6982.54
"27-Apr-2026",541,14738,8313.06
"24-Apr-2026",484,7749,6344.38
"23-Apr-2026",556,8218,7683.96
"22-Apr-2026",533,6583,7911.08
"21-Apr-2026",574,7728,8279.79
"20-Apr-2026",518,19154,6808.33
"17-Apr-2026",499,10569,10775.68
"16-Apr-2026",595,7661,10485.47
"15-Apr-2026",563,13675,16774.07
"13-Apr-2026",504,16198,9764.99
"10-Apr-2026",535,7658,9983.45
"09-Apr-2026",642,7279,16449.51
"08-Apr-2026",564,7433,12707.4
"07-Apr-2026",610,8873,13534.86
"06-Apr-2026",568,29277,12163.5
"02-Apr-2026",584,25577,7359.54
"30-Mar-2026",535,15010,11627.88
"27-Mar-2026",659,14212,15309.38
"25-Mar-2026",639,6587,15913.23
"24-Mar-2026",628,7293,12937.79
"23-Mar-2026",605,16070,13010.14
"20-Mar-2026",630,14354,12905.9
"18-Mar-2026",600,8948,18377.65
"17-Mar-2026",676,6543,21217.96
"16-Mar-2026",568,14019,10649.96
"13-Mar-2026",543,6880,11101.83
"12-Mar-2026",627,6660,20464.59
"11-Mar-2026",529,7347,19657.43
"10-Mar-2026",608,8782,15371.9
"09-Mar-2026",498,13614,16125.52
"06-Mar-2026",484,7898,12429.15
"05-Mar-2026",588,9756,15553.96
"04-Mar-2026",502,17072,10742.31
"02-Mar-2026",482,24239,6380.74
"27-Feb-2026",514,8946,7876.56
"26-Feb-2026",552,6850,12371.43
"25-Feb-2026",508,7331,17350.09
"24-Feb-2026",581,7558,12974.2
"23-Feb-2026",476,13716,10988.31
"20-Feb-2026",541,11751,9101.12
"18-Feb-2026",515,9230,11873.1
"17-Feb-2026",522,9321,12394.62
"16-Feb-2026",441,13568,8762.4
"13-Feb-2026",496,6848,8618.44
"12-Feb-2026",495,7477,13089.76
"11-Feb-2026",465,9086,10736.62
"10-Feb-2026",514,7066,8744.41
"09-Feb-2026",471,14924,8759.45
"06-Feb-2026",461,8301,8907.35
"05-Feb-2026",496,7700,15729.36
"04-Feb-2026",466,9861,13663.34
"03-Feb-2026",446,11757,11215.88
"02-Feb-2026",430,20081,6788.18
"30-Jan-2026",471,8731,10193.46
"29-Jan-2026",510,7618,9783.04
"28-Jan-2026",477,7451,10255.84
"27-Jan-2026",485,18090,7831.33
"23-Jan-2026",476,9088,8218.96
"22-Jan-2026",533,6674,12190.57
"21-Jan-2026",483,8630,11428.93
"20-Jan-2026",517,7334,12329.14
"19-Jan-2026",504,12711,8788.49
"16-Jan-2026",477,11056,8863.56
"14-Jan-2026",446,8311,11726.18
"13-Jan-2026",485,7232,7155.36
"12-Jan-2026",404,12749,5276.35
"09-Jan-2026",388,6446,5693.09
"08-Jan-2026",447,7260,7525.41
"07-Jan-2026",451,9986,7397.79
"06-Jan-2026",454,10771,7994.71
"05-Jan-2026",479,17924,7275.61
"02-Jan-2026",402,14029,5989.98
"01-Jan-2026",323,7578,2474.54
"31-Dec-2025",455,7854,7120.85
"30-Dec-2025",453,7833,10847.62
"29-Dec-2025",429,12942,5322.63
"26-Dec-2025",416,10135,5206.64
"24-Dec-2025",416,8241,9168.54
"23-Dec-2025",468,7657,10781.35
"22-Dec-2025",426,14123,10134.62
"19-Dec-2025",414,6388,9999.41
"18-Dec-2025",458,6476,16408.49
"17-Dec-2025",418,7614,9348.4
"16-Dec-2025",463,7173,10626.43
"15-Dec-2025",420,13414,9397.73
"12-Dec-2025",423,6085,11079.13
"11-Dec-2025",437,6600,11853.04
"10-Dec-2025",415,7319,11301.17
"09-Dec-2025",475,8208,14166.72
"08-Dec-2025",417,16721,11539.87
"05-Dec-2025",407,6553,12226.17
"04-Dec-2025",453,7044,12590.08
"03-Dec-2025",408,7507,16727.63
"02-Dec-2025",476,11224,15167.16
"01-Dec-2025",359,19660,7500.62
"28-Nov-2025",401,7074,5916.92
"27-Nov-2025",432,5215,8688.23
"26-Nov-2025",362,6013,11639.16
"25-Nov-2025",436,6525,8637.87
"24-Nov-2025",394,13238,7054.13
"21-Nov-2025",370,7193,14895.07
"20-Nov-2025",448,7986,13998.89
"19-Nov-2025",400,7699,11546.03
"18-Nov-2025",430,6417,8836.29
"17-Nov-2025",410,13598,10595.87
"14-Nov-2025",390,5759,8827.37
"13-Nov-2025",463,6369,9472.56
"12-Nov-2025",397,6564,12779.81
"11-Nov-2025",500,7445,14840.37
"10-Nov-2025",397,12804,9362.02
"07-Nov-2025",392,5862,8902.29
"06-Nov-2025",407,11873,8698.87
"04-Nov-2025",449,7582,13046.23
"03-Nov-2025",431,18254,12161.66
"31-Oct-2025",393,5860,7659.29
"30-Oct-2025",375,6320,7554.3
"29-Oct-2025",398,5597,10033.13
"28-Oct-2025",421,5811,8625.67
"27-Oct-2025",360,13386,6662.74
"24-Oct-2025",335,9058,6085.48
"23-Oct-2025",375,17785,4903.59
"21-Oct-2025",12,19,0.22
"20-Oct-2025",266,12078,1885.52
"17-Oct-2025",390,4242,12149.53
"16-Oct-2025",445,4887,15955.57
"15-Oct-2025",391,4698,10652.69
"14-Oct-2025",418,4889,9463.71
"13-Oct-2025",367,10462,6939.56
"10-Oct-2025",369,4039,9346.66
"09-Oct-2025",422,5378,8382.47
"08-Oct-2025",388,6277,8357.08
"07-Oct-2025",445,6457,12054.81
"06-Oct-2025",395,14082,7012.35
"03-Oct-2025",377,14039,7312.58
"01-Oct-2025",354,4629,8321.18
"30-Sep-2025",399,5476,10887.11
"29-Sep-2025",388,10082,10277.42
"26-Sep-2025",412,4120,8309.63
"25-Sep-2025",442,5215,10759.63