symbol,security_name,exchange,isin,instrument_type,asset_class_name,status,source
EQETF1,Mock Nifty Growth ETF,NSE,MOCK00000001,ETF,Equity ETF,ACTIVE,MOCK
EQETF2,Mock Large Cap ETF,NSE,MOCK00000002,ETF,Equity ETF,ACTIVE,MOCK
EQETF3,Mock Midcap Opportunities ETF,NSE,MOCK00000003,ETF,Equity ETF,ACTIVE,MOCK
DEBTETF1,Mock Short Duration Debt ETF,NSE,MOCK00000004,ETF,Debt ETF,ACTIVE,MOCK
DEBTETF2,Mock Government Bond ETF,NSE,MOCK00000005,ETF,Debt ETF,ACTIVE,MOCK
DEBTETF3,Mock Liquid Debt ETF,NSE,MOCK00000006,ETF,Debt ETF,ACTIVE,MOCK
GOLDETF1,Mock Gold Tracker ETF,NSE,MOCK00000007,ETF,Gold ETF,ACTIVE,MOCK
GOLDETF2,Mock Gold Savings ETF,NSE,MOCK00000008,ETF,Gold ETF,ACTIVE,MOCK
GOLDETF3,Mock Gold Bullion ETF,NSE,MOCK00000009,ETF,Gold ETF,ACTIVE,MOCK
